Math_Score,English_Score,Science_Score,Attendance
79.9671415301123,86.792265239032,72.598573800205,75.4609622106131
73.6173569882882,81.0956041949532,76.8438506342759,80.6980749461025
81.4768853810069,70.7155644390421,71.6606406320003,82.9319723328918
90.2302985640803,62.2367586675331,75.5363077628877,94.438438286701
72.6584662527666,78.3786797633631,62.8510826643697,87.7827656226688
,74.721824625061,79.7063496589835,78.3225921545005
90.7921281550739,80.7423186403328,78.0096438028978,87.4301814470882
82.6743472915291,77.6220616201836,71.4632909514545,77.2634800553082
70.3052561406505,82.594632583832,83.2739653474592,90.4134552694354
80.4256004358597,63.5771774612732,85.5005611010125,82.6443767409106
70.3658230718754,85.8087287876119,65.1395210850482,84.5318190563041
70.3427024642974,72.3711952563088,71.8982017714703,91.628983237711
77.4196227156603,94.9031304715032,71.8468612017016,78.5641821570788
55.867197553422,61.7297461829252,70.4807751911291,78.014409074435
57.7508216748697,90.831565637983,84.635798735454,82.08200336827
69.3771247075903,,76.4493908898176,90.1918942550966
64.8716887966558,62.1829839566266,75.8838812695151,77.4032696226158
78.1424733259527,64.1933699913481,61.969101084746,70.8392220094472
65.9197592447879,66.1558323016682,83.0833442416738,82.744205707955
60.8769629866471,75.089991356823,68.0859328411722,87.7587039995546
89.6564876892155,76.274025856426,78.4794610421306,91.0013087486941
72.7422369951347,63.1155999527371,80.2190155036655,82.684193189573
75.6752820468792,69.7077448928682,88.8852687667092,82.94286696442
60.7525181378654,95.7072443033424,67.5294368070471,90.7695036712787
69.5561727547482,90.7305180412085,53.8439027534334,75.6512915015229
76.1092258970987,75.2358840360884,,83.057396124085
63.490064225777,70.4560417380184,92.4040894520868,85.9521194496253
78.7569801834567,71.4403759206191,87.9115708235155,87.2460936064252
68.993613100812,77.362215672765,79.677275322197,82.4509665340456
72.0830625020672,57.7264892176191,74.0669105149436,85.1722050585292
68.982933877706,66.9114815509199,84.4569807730985,72.5583632329351
93.5227818450894,49.9769911134689,70.2116304023643,81.7087579383308
74.8650277526207,74.7906774712634,81.8108621548498,87.2675435627723
64.422890710441,77.7663512764329,82.043761273333,80.0885298287266
83.2254491210319,64.2017624524075,86.481679259991,85.294921107948
62.7915635002898,88.8878411594804,100.077280311289,
77.0886359500476,55.2908120439719,81.1393277374301,83.2872539957112
55.4032987612022,52.4275014374822,73.92829099434,85.8523188549829
61.7181395110157,72.6934218227197,77.7954055024641,80.1863371735769
76.9686123586912,82.5651796313459,63.8473927608871,83.9669436015198
82.3846657999541,90.2071322974944,72.4422949512875,88.0510808479461
76.7136828118997,64.4933888455727,74.7257404950952,85.7848648048422
73.8435171761176,82.9441700011756,73.8072928165233,82.0673436521803
71.9889630441071,69.5378983659915,79.2188389762698,86.121082021454
60.2147800963257,67.9284724007102,71.4206405409424,88.5730489531831
67.8015579160529,80.6039192498401,86.9682453385958,74.7502936071126
70.3936122904021,77.827874540961,78.0016565193456,90.7953703247795
85.5712222621892,51.083294116189,77.9255974308911,83.3187263065946
78.4361828956846,87.7184841967108,75.3768422678967,87.1274496662012
57.3695984463727,86.5610962497694,79.2415254708718,90.9862346182261
78.240839693948,62.4932475818857,84.6007861173411,78.1416315138477
71.1491771958368,74.7496424012489,71.0629582743128,81.4527949878623
68.2307799969404,75.9283622353929,72.735068087398,83.5572565206215
81.1167628884087,73.1280851898869,75.5701917697867,81.0812323943779
85.3099952249595,63.396338153855,67.2330326122143,93.674682879184
84.312801191162,61.9405195847434,71.445937122228,80.716139530866
66.6078247677736,69.6933511481027,74.1902330116427,82.2222661025657
71.9078762414879,84.0727482311124,84.9951134457018,86.0219451580149
78.3126343140356,76.5232018551332,80.1004906320154,78.9892523696196
84.7554512712236,65.5526280149667,79.5487192909404,83.0215964412187
70.2082576215471,79.2603845277801,84.8071836973438,86.5872663062509
73.1434102333618,35.8174885524391,76.9010256928048,83.3356979780874
63.9366502599397,83.7851884044653,81.1237187994311,84.5330657055003
63.0379337591933,49.1234346546628,77.17422597654,82.3533394377582
83.125258223942,65.6507087031624,80.122898795197,77.4276484540962
88.5624002857082,56.5639612644863,73.3379307391074,86.6079660566962
74.2798987841967,54.4638222913491,58.4894627337886,93.7746653582362
85.0353289789202,83.9299214485422,76.9257667025096,85.0920081539172
78.6163602504764,64.3875855842573,89.3819850887995,86.1263205862378
68.5488024539488,74.1580465807686,85.4097232179327,88.4636137755843
78.6139560550842,69.4369530534498,85.7231798767294,78.6533475172665
90.3803656646597,75.7244899266775,87.8890457744497,93.512573290648
74.6417396089005,70.9218626927231,78.7092607276915,86.011643982114
90.6464365581401,54.6040933097372,79.5785256592448,93.1592844954456
48.8025489591026,81.9552018333657,73.0587848365252,81.3348350223801
83.2190250437522,64.0749210020642,75.4714171517836,94.0903096127891
75.8704706823817,51.321017216083,82.9261691981691,88.8757774701739
72.0099264953413,64.8626180684091,87.6310754973505,87.7652004292618
75.917607765355,88.0091174876117,76.884429794552,86.1701222717657
55.1243108539911,80.2026609053619,74.3984858811887,83.7573569096278
72.8032811216249,65.8161743871057,78.0042236708528,91.0026582923694
78.5711257151175,65.8089075481789,82.8096539914329,85.7017993492402
89.7789404474152,66.1403793853914,66.4491614709317,75.1646514820642
69.8172978172635,94.9209758027301,59.6305523749021,79.414067691465
66.9150639710681,74.5832254267786,73.5957052040673,84.0707712390363
69.9824295641546,75.1604997662928,68.2343005926867,86.5499949158278
84.1540211770207,82.3634014483821,73.9348784188215,84.7170575555005
78.2875110965968,72.8654699083182,76.8177574494602,91.0948539489683
69.7023979623296,66.8914942501516,74.3740127278159,75.2444906798069
80.1326743311336,67.6438018109803,89.619740275766,85.7179396825258
75.9707754934804,69.1407848870312,80.6139581168186,75.9101038730642
84.6864499053289,69.5533331618819,80.4037948768866,88.7985614774209
67.9794690612265,78.7315545236438,82.9776571523472,84.52770642779
71.7233785340223,70.6233506296876,68.8893350577538,87.0980498601206
71.0789184686784,78.791680926587,86.3128942993621,80.6805851970512
60.3648505186788,69.031401038697,77.3938857077163,91.3973246582888
77.9612027706458,70.9436222837931,83.3638449379297,90.2086233202942
77.6105527217989,46.0215917856147,69.4251421356788,87.9177215150594
75.0511345664246,80.9959320964298,65.5699298718715,84.3524137656828
72.6541286662485,74.1578617107759,84.5431172642002,87.8992864264757
60.8462925794959,81.9761213183158,81.0112762087801,81.4655371600633
70.7935467723464,35.2449354616757,70.7835875651399,89.2777782951036
71.5728548347323,95.0604964573687,71.0426953498024,93.2474044716196
66.9772273077838,68.3249244621379,87.0034782753182,90.3530527998959
73.3871428833399,83.2981938008502,68.4847048570614,81.351987650963
79.0405085681454,57.5211288744936,91.1413836260477,86.8070865863655
93.8618590121053,77.3532868607508,70.795034122817,78.5342922812068
76.7457781283184,57.3590132419161,83.1071354048671,87.8619515558784
77.5755039072276,62.5147724716503,75.3710521940081,87.2530170643127
74.2555408423383,92.9683762464014,82.8254994486588,75.6509183023392
55.8122878470096,67.7118111908398,73.6470879830865,79.1910807804382
74.7348612455078,72.6091944781567,76.6976567514217,83.5843055162812
75.6023020994103,80.4408127682651,78.3273534031658,83.4957012642959
99.6324211248529,75.9481826556713,69.9825003537482,78.952615322906
73.0763903521888,71.8050268617229,83.926594763361,86.9448936467609
78.0154734233361,74.3795320295947,73.8942914682273,86.2573680447026
74.6528823029476,98.8409870228593,76.1712006772799,84.0286543401074
63.3132196238047,69.308574435597,70.0452050031319,81.2210424992082
86.4282281451502,72.4131885605796,57.5013307296375,90.2435356320828
82.5193303268678,82.6078527520914,76.4717778991986,93.2770355654415
82.9103194704305,83.2663111954958,97.3009233729033,82.5821925807673
65.9061254520526,84.2443636667246,84.2768343031842,81.9391654142259
89.027943109361,77.6647626643502,77.8459169621249,87.45603832706
60.9814893720772,56.2839410472342,75.8968733663339,83.2098531012651
80.8685709380027,89.6011783876132,78.1797271424964,84.3030139966838
96.9045562580998,56.2438552837757,82.3769529214017,88.6982657586234
65.0946367486931,73.6316255828684,68.5534974775293,75.4532195624635
69.3370227039723,60.9486897997677,86.914573557351,91.5915116242634
75.9965136508764,69.2303398408841,83.72305052353,85.3634026216467
69.965243458838,73.9451489236418,83.7454858056635,82.9425342771891
59.4933656893387,73.8562865854033,81.5078059104778,84.5538292288928
75.6856297480603,75.0630490508234,78.1569332615519,84.8121467751026
64.376962862739,89.3645352287038,83.3828898877346,76.3439934827754
79.7359243063518,75.4424116181678,82.734513069931,92.4746911372662
65.805757657662,67.0701203765122,75.1676743124718,85.2066281613531
90.4993440501754,81.5690460194603,73.4111858168248,87.2150106522369
67.1674670766376,84.2736458670957,78.8148503620959,89.7577488528702
71.7793848379432,55.2687062183561,90.3921612119615,79.8941877121985
83.1351721736967,77.1688008381983,68.0871433947688,87.3673594951762
62.6913568356605,78.4140729077308,66.2597978739805,83.661794545506
77.2745993460413,66.4292379596801,79.3180867298921,89.2338538760825
88.0714275428243,86.5084817597394,78.4071016148481,74.3638628982425
58.9251676543877,68.1993329556097,79.3867333149633,84.5045284987937
76.846338585323,71.5069174416585,79.951625583268,81.9858967210802
77.5988279424842,67.9231381085936,76.2143819629216,87.1613147531708
82.8182287177731,70.1869485709776,89.9189075088167,87.350220936841
62.6304928912192,56.8446989572576,65.1927681721879,81.4618705258899
61.7954338691572,52.7193894088685,71.372023801758,81.4391306791198
80.219415656169,89.1340607586997,77.1739619188076,84.4466731572134
77.9698467323319,59.8364638201801,64.8544895107667,80.516788863424
77.5049285034588,58.1032918065243,76.5931647645434,89.2099184772606
78.4644820949698,44.1593186367554,91.2917613258241,83.1539639977628
68.1997527842151,62.332459027726,78.1670919063677,70.4650589033918
77.32253697161,54.12292247911,79.8456072457495,83.125889716891
77.9307247329868,89.7041819216364,67.9186818786194,79.8072808957801
67.8564858197363,82.1178050721116,73.0691087356842,76.8436209226953
93.6577451114476,61.7421958578673,74.9984289574085,78.8128668088871
79.7383292091179,97.0292296641317,75.4582792259501,85.5470423591649
63.0869650279735,81.7811858438991,88.2531503600302,91.6432041412412
81.5655360863383,66.1020233978965,82.461528485801,86.5659223693249
65.2531832977268,40.0071314215171,69.1083363445037,81.9674830589213
82.8708460374245,97.4913108710889,79.972038227456,87.2795209758535
86.585955790074,53.3251303988369,81.9857739879743,82.704548448905
66.7931768164829,50.2552150365173,87.1211923081701,81.5269981541843
84.6337612924432,82.2708451841157,90.644325492547,79.2281866588351
79.127809269365,99.2770288760713,69.8792464653771,76.2408559662414
83.2206015999449,86.6112738221262,71.5131399103173,83.0503814672028
93.9679298265395,76.7669094406283,67.9393771286831,85.7902674496007
72.5461188399713,77.1370520999834,76.1278411271442,84.5168816499256
67.4626383564251,80.2409867053637,81.7308669955707,82.9201653602632
66.1048557037448,79.1071430774412,85.8986761327128,80.2712696965161
66.8418971503456,73.3742970876325,77.3923918108598,88.0412309584249
74.228982905859,71.2504132474225,75.4412198139613,78.4143404002671
78.4115197481664,69.2488824652057,79.2140639379899,88.8801395692174
77.7669079933002,60.9524249335999,71.3188567869598,79.9889149053664
83.2718324903602,66.6318990775987,94.7163097735582,81.2378238132348
75.1300189187791,49.6845182296554,65.1387117830555,77.6660740469216
89.5353407715732,68.819924478463,79.4779246311658,82.4929892655718
72.3534316676204,58.136906714189,94.1888497538371,89.8765622923899
102.201691665896,56.7569281934108,78.05439875648,87.5781404422198
81.2566734776501,72.1587298138418,76.4796877199881,89.8921105601402
66.4284244358372,86.7040274361352,75.1404366175166,87.6107127296697
64.2910750193889,81.0197992720278,76.5568665459007,79.4816508573482
79.8247241524319,51.1539927565219,88.9827877974122,83.3460538783622
72.7653721467415,58.124462361156,60.3051047093639,81.0990043544127
82.1400049409209,81.2892542558586,90.2674696103706,91.6528745201952
79.7323762457355,58.2101512775403,66.6083427803988,79.0160567678685
74.2717108734313,67.3044022000357,75.8667813661247,89.4684884469456
66.532062819316,76.6006251882946,74.5660446376107,89.4647693505439
59.8515277531414,58.3798665416364,82.7084261581658,94.1481010085804
70.5348504793298,71.2645060737515,65.21500518493,82.9515670368525
83.5639879432347,53.9916940609815,81.6973813286555,88.5616107979008
77.140937441302,62.7835882725854,94.1944769862948,96.4082591826942
62.5426122128801,73.8373832097104,67.0946079632575,81.9117916153315
76.7318092585118,50.88407519762,79.5176493408832,77.3247987623382
78.8531737972884,75.2856968555248,72.7041425776271,75.5999498304612
66.1614256379887,69.7643464128798,81.4070976495443,88.5635601443067
76.5372510594553,76.6298794530058,78.153182219326,75.5842489597071
75.58208718446,72.6869696087759,72.8681047276455,83.1384047353104
63.5702970216938,86.3696851596861,81.9029782789686,87.1865659351948
78.5778736034828,71.5026940317749,92.4347848782939,85.9258776841496
80.6078452636824,64.847133506497,76.4727696661816,87.1272243209209
85.8305124317528,71.4675700363874,83.7580635371855,86.1114492790043
85.538020520349,76.5195763484367,67.6538163370307,91.394329066567
61.2233063204291,70.5863208439085,70.3485089854559,80.238418096306
65.6217496008488,70.4871002944466,81.779250223043,81.6150243077073
80.1503526720866,61.5760997463189,89.8729282282877,81.1367027736459
80.1378595091221,62.0451889893886,80.8449067902853,89.1509590593131
80.1504768630605,53.1687367384037,75.4955357558148,89.5019929419753
113.527314906547,90.9949209182433,77.9943312433868,87.2561265965925
80.7089051069317,55.0736411753046,67.9967381282423,90.9174683344496
86.355656401806,61.6851376264491,82.8361226108429,79.1097956631181
84.540017634932,61.3791128131696,85.0586644985873,93.3361205577557
81.513912513058,80.7390925233333,74.3832773373354,92.6161931085613
71.8473075535966,66.4606038604957,74.239662817924,88.6781099862287
82.5896922049327,84.9729048720848,80.1270258372164,93.9089945438553
67.2717478546243,61.9181125090736,74.5062421116752,76.7168839616111
72.6318139325999,73.3479299466856,77.4709390829934,82.3777593186867
70.146364521709,59.9758353608829,94.7977743133321,81.3234826965902
75.8187413938632,95.7417895332807,76.023794394032,88.6073966187867
98.1465856667351,55.7488189716458,75.1332787838302,79.7492963019893
56.3273480740825,73.7178485227243,72.8196655549187,88.7874757466874
81.8626019037451,77.6053225711852,83.9535357719995,91.8526807199836
58.8728412881035,74.965589169418,76.5502066142552,88.47601450042
70.2806813421057,67.7765480934675,72.8050156934286,86.4187551183075
85.8895059696737,68.4421516031989,88.5704322581841,80.0606332954963
75.6428001909546,70.5257376637493,89.3568240361091,80.7657451693732
64.2225522207069,68.2359759804581,73.1966114740904,91.2480945264833
67.8469629074003,81.5665494015389,63.0676803891151,88.8967450195267
81.7959774893468,96.5262760190962,86.0601095186954,84.8049024031123
67.6963336828286,63.310098579906,72.52296139392,82.9104522711705
77.1645858958198,53.5623642450511,84.3250047933022,74.8709606344431
75.4557183990381,68.940615419785,62.2391694583053,79.6457379065778
68.4839965239418,100.956512051852,85.1407787063945,94.5570954356986
96.4394408932532,60.3559051843632,68.3106245657538,78.5977221449877
81.3391902231801,89.6694016653288,83.8461129525322,85.9473991061054
54.7485741334239,90.1324097689173,78.1141845426915,90.037219865976
76.8645431476943,63.3569410995041,70.3684846448268,78.7253866599885
68.3821353523161,76.8277969502233,74.7437094965858,85.9235523739054
83.5243333479622,89.5407594775425,83.4905476556536,89.6895776875533
67.074792615673,65.4504671081502,78.8471556249219,85.0624966095363
73.852635585331,67.5570356787717,82.6753038437799,99.3420152783339
80.0498727898046,63.0198290326163,93.8115246761239,76.657003705609
83.6575519417012,57.8229192316856,65.4860671063116,90.2936426494194
62.9970359294422,62.2086694592079,90.937700599749,84.1359913130177
71.6549876415905,55.3127167988529,78.8348475001857,88.8596007741834
70.2505468883904,70.4090016191107,70.809727613415,87.2065357584962
68.4667076742629,60.7603212272963,67.3574909940881,81.33421901445
92.654542402811,72.805430941489,76.4870368737837,86.1449819622967
79.0498171096096,51.3292522455565,85.3732008953957,75.7104927430086
62.3911604566495,73.9705627865735,76.9796070369797,88.016237502857
84.1786194705478,80.0023475393071,90.0892394419788,86.4907923299526
96.2215619701263,46.0751722891425,66.3905944795875,88.1933008432155
85.3246526055115,74.4886788381709,77.9032884172316,90.2905916254358
59.8063003404599,84.7320279096795,67.9808524446951,86.8380992010486
70.1576592713375,55.4843077757055,80.9090550609998,85.7404470989914
87.6691114918662,90.0708686420524,85.0950991207784,80.5946583166935
67.9233053438122,75.0282281123925,74.6339056505516,81.4388961817547
79.4381942814623,61.5398577308991,57.1662891469829,90.9336731008866
82.7463405342934,69.3307710681075,79.591585174372,92.1816770285299
65.7306952842192,76.6999229502607,81.4939084138681,83.8094478184397
74.404746439382,70.9120646969489,81.2343580396936,85.2300137362664
42.5873265993093,76.4650719093564,87.8862575345772,80.4769281250312
64.7561235866571,58.9519168830476,69.4315705628076,90.8637842263372
72.4743184860684,72.0323298884329,83.4417288436036,88.3270841184589
62.5221681803515,53.0354260371402,87.5400600998238,94.7060871823187
91.3241130393164,68.6652872638156,63.7712993279479,80.6083846141013
60.6985862203937,59.1531083024225,80.5572146073518,83.1099605049089
70.5995551330302,61.1736406889228,73.9665613519386,86.1572296126279
76.3074057728609,84.8331181025253,77.3478186151868,88.2324476886289
89.4127328906612,83.0957214471312,80.7814118683067,83.9216618122618
60.6413784882056,77.3096574508861,74.1021714870916,80.6351945477315
86.6316375215496,56.8922468239291,72.5943353667071,89.4070376446179
75.1023306101959,66.2030986036624,78.2732193399042,88.6056768127279
65.1849134895205,84.5571723997502,69.3020324890976,80.4186294971814
79.6210347426327,71.7006029636789,69.3133989689185,91.7772140055275
76.9905969557347,97.8319544797803,83.434986263652,90.850993545983
68.9978312284121,74.7198140727325,68.8096477187308,85.671482486239
75.6980208499002,72.3045893978804,83.3305000072737,85.3979893118802
71.1468640313824,66.29060242957,81.7007303428316,87.7702888555795
76.1351734525125,71.6024908573874,64.1935461696752,80.6914846487187
81.6213067452105,68.1703619634335,72.5794827813148,85.1501573958204
90.8601681614535,78.4973041202631,87.552875224379,74.2380822769541
62.6218450117315,81.480427801535,70.1506757508825,89.3822782275147
96.3303337465627,60.5681264739046,74.2847659015249,77.1925338877907
55.479122004775,54.0252045573067,81.6964871460152,92.517099142145
73.4821490496442,47.9655355227604,84.2671240742608,83.3493995301677
80.8831720648458,76.0958959229505,75.987688911644,83.9416650903441
77.8099186773503,56.7596007259135,73.2199184424669,81.8613304695775
68.7730048017941,44.1653128845702,89.3789588935881,83.5598056303896
72.9187774964273,74.6629432543716,91.9111973103806,92.0926567257402
70.0699906534117,99.9159942091935,85.8308644062544,72.5609567173246
69.1063524305579,69.9271490615213,78.6825451405202,91.3848269304409
83.4960209702103,80.0618892934197,71.5338742268726,86.6901174055085
78.5701548596505,70.9819523025708,71.3564447475475,78.9648917607139
68.0709040473935,68.8133241617063,82.1801128421261,79.6234380347538
83.9959987543325,81.0289177958532,81.3471857671095,93.381965136041
78.0729952087661,66.5167054697362,89.2127887435714,80.2724656002863
83.1286211883896,73.2087077688628,83.2036007402891,79.2332474470202
81.2962884192361,73.8603736743522,65.9753575859215,90.6865727118236
66.7100498907793,61.9829145562834,86.4155809417834,86.6927643814296
69.3981895980303,81.9045081944383,70.0155149814847,80.310372117318
82.4729360512326,67.9004829196551,74.9282298243812,86.0831248770231
81.1037026543347,60.9310580860859,80.0016016500136,79.8712365817986
74.7909840603585,76.4381181228448,93.9653399182717,90.504106992113
76.1732738330878,59.2183842185076,102.879348448043,90.3068548243657
87.7766489578843,70.3381738884295,82.8537844730895,87.6600309941097
69.0842861116417,69.8905720402696,76.5344270502369,86.8083053062351
80.4709738117004,83.0307467899789,82.2760451878444,93.8059406243369
72.9780734756611,75.6963787945594,85.1012434069907,84.9984316369411
72.8231879677278,69.6996764950583,75.4346589955425,79.090629372896
85.9877685198719,79.8131955904034,92.3616908472986,87.2473695641615
83.2541634898803,86.6824905882078,79.8405660735312,95.4302352476856
83.1350963600064,76.6937236762224,81.9819447127312,79.9262025340707
88.0547880715433,70.1242314381206,83.3273940164357,83.1926861665301
75.2100384163276,54.2579652117981,81.3726928849157,87.0822301905073
81.8195297129497,57.2186360430955,84.7115240037569,84.7304757549713
71.8973324340654,66.337303547744,73.0619745076246,80.0884820981134
78.2416635248844,62.6858535740886,73.5335859684318,90.6092892811524
73.6985694563232,67.7563443641747,69.1987661362264,96.6002036100863
75.9699596499272,70.6797990987653,81.5160098449618,85.9806572951195
80.9515702543691,76.3563130522808,84.2314920280969,80.47965855132
66.8177931676653,69.1540146632909,81.6621829292151,77.2551973747326
95.9238727568546,75.8380197259144,91.3959394667803,86.2898799061059
64.939826185003,70.7736929777214,77.9552318493676,90.5193867165813
62.8581138721227,46.2944012037535,83.3499332447401,87.3758387324769
86.5811087350007,58.727975274175,69.2663929908855,84.9879807954057
82.9166269396294,68.2709493313406,74.9032023802048,82.0536417410535
81.2411981705216,55.4836630859067,83.5643020605262,79.5391818364096
81.2834550926428,77.1991447599545,84.7928168859452,89.1737566316244
74.8775322715309,88.3690099881244,75.6482644186865,89.5688581069279
66.0274562851417,84.6251422203678,77.4272059851355,77.2713510665463
75.7580455819373,67.4386855488375,65.8570100265535,92.9491948909034
68.2283828848789,87.8887136421994,75.1437663935471,87.87035610447
84.7511973341775,71.7840094864253,85.1230653081583,91.997973225729
73.5294261849786,65.9549683465835,82.6016401288525,78.2893612575744
66.7450280320749,62.6391680375087,82.0053257710497,78.1708792229228
71.7861415834701,66.3703637621425,78.3981894974477,84.2551534511635
79.1293145427563,65.3418781775053,78.0565052690254,87.513922134476
69.3627544719603,72.0449946685059,72.7174308842124,93.9818041146348
66.7777960443357,71.9268877725984,83.5906273616203,88.5303945690757
77.4368721149191,70.036552241841,81.3677835551151,83.7865936159398
77.4496657110872,75.2432580369562,81.9361507839424,79.8681539616705
69.9305682462887,84.2877552974361,73.7917212586594,91.1500028635957
70.2896169438168,81.3946496252959,60.77325664103,80.1764728712464
77.3204993735764,52.1812243786012,86.7772216940296,93.1423427738616
60.5191565850268,39.3529463811765,74.1693003519328,83.5780767519675
60.9253622562345,81.2118389348713,71.097793887655,92.9529103630893
67.8155577874756,53.597455619015,83.547831295312,88.3946564502964
72.8655284828815,67.3028151772878,74.863898880647,84.3150225527877
78.1090756559801,55.9586436872877,86.479491072373,82.4030181408694
89.7535621694955,48.3762347490398,82.9360475966136,83.2954606132696
83.5765962320202,76.4975527384575,83.4685545856038,87.1415834618762
73.4006147003657,79.1098619236318,67.0723543103957,85.3857824810886
74.8098379209731,63.0818751912794,87.6955518830912,82.0309429596565
64.9747063536219,38.9074924942611,80.0900042498708,84.1718429484118
74.8148686400761,63.4450666209702,75.0457828860304,85.3928851485958
72.1134136107986,74.7016480648306,79.147107738738,74.3563295279259
78.2271856033809,52.2530611747105,63.7901181368134,87.2908405739435
66.7276905644768,72.2003190373499,81.2692224918454,80.101393876416
80.1934651424117,69.8162818099241,69.7650279345434,79.2333379839713
90.3273891300258,76.9514979952131,67.1786377132517,76.5632782644465
73.9123985154314,71.4349644209698,65.8211265102569,76.0305375106606
79.0171172209894,58.3231727094213,86.9015069999194,78.2227624844386
81.9014399171111,84.3588580199739,72.9658928504577,81.4548952118475
70.9877952811416,68.0976451236764,90.269821679332,94.7662956876328
77.2409248181042,69.6723455258808,73.7135882955816,82.370601620524
75.1259240078179,58.8007844911217,64.3411363392564,85.8887505313402
75.9767609854883,64.6806129857019,69.0678044804107,87.0024069325316
67.2699021614453,59.3823674316772,87.8864929600555,85.6553259310793
75.2451017425894,67.9246472809189,76.7528145765067,84.61278269637
79.9799829124545,90.5405017617081,73.6137016280752,79.0235311820038
89.5114360779504,53.5371862848237,79.2801458068223,92.2546377413961
84.5927082608521,50.6372632254791,82.0142618893404,94.0359832181894
96.5318245751156,87.6540439299233,86.9391905272197,76.5867065293866
67.3265243711195,67.4881158741776,89.5879938391434,79.8798570455681
83.7232063672068,61.971127136081,75.1218508336873,83.600948288115
76.8334200573835,82.4788562487529,67.3916185113437,80.177311025449
96.8980293321767,62.7326135231576,74.6922787110138,87.5298277672793
66.9170171464485,91.9121165625632,80.0822440526631,81.3586389879669
66.6027815781922,78.1351104560712,70.2899285903151,95.825280339033
69.0060735455598,64.1450631022516,70.3427926808397,90.952742971718
53.7610427569019,95.887698559186,80.7503030523991,86.0628701531611
69.7424497831924,62.7314209239599,77.6107811874364,90.1349313165987
67.408673384463,78.9051444641117,78.2623759632927,90.5295021217866
76.5039378647621,73.5915109648779,71.9320373223994,82.1802625597088
78.4175597577716,85.6208954727856,76.1567942863539,80.9189137772902
93.7617083921589,88.7381343607222,70.6061348458536,85.3907153148482
84.5042383818605,70.3840497887892,85.1215872889983,89.3081806224897
69.230963443376,60.9589855558458,86.28199467779,85.6953019932671
66.0158532865164,75.5196657152694,63.2304971020953,77.115017589045
79.9191917150651,61.8674155629747,70.5639131184607,80.9858777802458
61.7976679297936,94.1606469703195,66.0277659592794,84.6301356820281
93.3145876585435,71.6384239729929,72.7998085247448,84.6216719783709
86.7944012072129,65.6161413842547,77.3324962416771,94.862710883949
70.308243478953,72.2161636703789,66.4028382424118,78.070060288005
57.8686547090912,53.8344845256436,70.6251214949975,87.5279462091794
88.5387237416541,58.3406315378722,69.968341023348,92.4455655416414
73.8546015474738,84.4049668953331,79.6581386351916,96.357248727114
87.3781631197346,62.1172686523433,78.55475469629,82.9780128840802
59.0557234120563,57.4370682078167,72.226099573302,87.457147263601
69.0062497704623,76.4398330303274,79.4145669771152,87.8488017859932
75.0524369971818,84.228449855956,73.6265593233019,85.9774086577665
75.4698059376474,78.6274397279808,75.8267591173916,84.5057739938035
70.4993452852076,81.9525722296698,91.3876167223883,87.1798769475002
81.228499323475,60.9184589371665,88.7236884143228,72.3387695739016
64.3237957061741,52.9382719990979,67.6033501045792,88.4103474503132
73.5762051497871,88.0160038234658,84.6378593430334,85.6308895183098
76.202956317119,66.1278419338944,84.4911724359327,83.8876255161087
80.1443883405875,66.9900038025394,68.8138936899791,95.2343109785978
82.1161487808889,85.9383297021887,84.5502211500389,81.6253299060472
63.7535790816213,76.6747601128079,90.3034553473004,82.9846200546749
59.6588582926438,75.4706532649793,69.0196415500447,94.9577665110237
87.7767682189851,95.980028138813,70.6599774318859,80.8396934757507
78.3231401197959,62.2777812354383,86.141291734748,82.2494235853173
67.5151346344345,81.1340815369749,80.1719624866052,84.2648728828458
90.5115197552252,70.684157498765,82.4118102019162,89.2036724106477
76.1567463429286,73.2231073463591,80.724713731204,86.0390125367666
86.7929718406383,88.3416211169504,81.1255673674252,78.5368732642387
75.6751848141011,76.0940290754755,67.3882229735113,82.3391571843641
95.6074792488199,76.4595529485956,86.3785416529716,81.9632278339389
92.553408424432,82.8700880477176,87.3567199394222,84.6138947738848
72.5103585152093,65.6205672454854,76.1648740474558,87.1292182931492
84.7157095095436,59.9294839919319,77.6521844014891,87.0910287794399
81.4537594958515,57.4622896717476,65.7511399795542,76.119941229758
88.6863155753235,46.403720927488,82.1140380481427,90.3197049378043
65.350765394199,94.6744855592839,82.5764595337132,86.2628442299831
81.8605145999844,56.7614996113398,77.5024718640055,91.9226602379695
85.5842448684959,67.3449565169707,86.994826878964,87.2209916364534
57.4126051357689,66.678240401333,75.3273821521605,90.5066147886788
63.1674148733423,73.6888803737092,82.5168474071488,87.3327265572506
54.607678222399,79.7888465504716,69.8426852904631,91.7311287810137
72.3059316555544,80.325681860317,77.8115827930061,87.6112531800889
82.1754225579596,63.0030707371727,76.6051659367773,84.5104237677855
90.0235705209603,67.9945394345631,79.8024633763275,96.3621736022344
75.7409478041978,73.3909594058596,75.0437845693331,89.4451856113995
91.2861554557129,67.0157064857974,76.9482192346267,87.8687221050221
61.1989854178511,89.2881469122399,84.608377371532,78.6184779173083
57.9661756064485,75.891699419659,74.5058861020943,78.5584619126823
74.4445230110338,78.8185334325978,65.1473831940906,86.4635774107093
78.8406544893931,77.954575224009,91.9966712336434,85.7276059888412
74.6730525190591,84.0816862898239,89.0516326295239,81.9293871749584
54.3255789996012,72.1722587044445,67.6618984391551,85.7049134980603
74.1087996048721,54.4380166245298,83.5176624419616,92.943134640218
61.9553049949515,74.7962554210317,73.9762018355893,88.4770123727515
81.6967254883004,62.1837172744981,80.1078977226485,79.2949574512363
78.6659824609685,63.6565998190029,80.3537930321079,84.4424558642853
65.6012021367264,77.0363682250611,76.1247375974694,80.9751675957372
69.8613308266331,84.8593968572036,71.7298746753088,83.0615004179572
64.4078647811105,70.2552589208327,72.4756715814699,82.9319216718518
74.3732090272683,73.7059961511876,70.6704646761501,82.61177208698
84.5514232050124,90.4265793356228,71.3454223341564,78.724323140133
65.1427395366446,72.8890381538628,77.4625736796052,84.3617265924091
80.0404651551784,101.220197370165,72.273920087114,82.1969618157634
69.6974238162756,76.7861157475785,83.456416525701,70.3527565499887
67.0712716773766,48.8708468901302,89.8979692426874,95.2648601225083
73.9296964004544,79.0400994532544,73.3595740690397,90.4438482710834
64.6475767758063,74.5739006185933,79.915236004283,83.118496375375
69.4635069465282,85.477033048993,81.9974808824235,85.094095248703
63.0212210741115,78.0781762152395,81.7760181673542,79.1417282634122
94.6472513291639,68.3385281921947,78.6076421433287,93.4786143890543
75.3526355197173,55.3084211645276,83.9414593468778,94.4864434738656
68.0027449200742,67.4917209125677,81.8579916214453,85.7834686412326
77.1397991073422,59.7937545494884,68.0987006213816,90.1176532209267
73.8767195030917,63.0337186023433,84.9532485151142,85.8764338946696
72.7903040046678,77.0629408530473,85.0983266981339,78.3163728056204
81.1416670004343,90.0388540522169,71.8937111665714,82.9408831551817
82.5750771004731,74.7360583578758,78.3035026835808,85.6596398338598
69.6949885238947,55.6494032555778,83.4666319424886,82.7272614062828
69.2418175935532,75.3352320186417,76.3254894433651,83.9067336128248
72.2494830284836,84.3595778397478,86.5838243821281,84.5430022124544
51.9807883526442,62.6826051481674,96.9109799569549,84.5956075106727
59.8480893780145,68.391793999925,71.7121117389201,85.2612924524874
88.6687426744452,70.1762583367504,66.9516431747698,79.696974668017
91.4496771350128,60.5812202430131,80.430548764839,81.4149192543603
72.5096396044362,77.7793652061263,83.7725000410092,78.5770786715002
80.7655696305577,68.5486222167066,76.1530690092419,89.889077748431
78.1125015454354,75.0343893268843,89.6260853065683,74.4717652907984
105.788808084552,59.3500938663748,67.291153602214,90.7679517165846
86.1957491143458,64.7505003961191,83.5433489842529,91.9317469863142
73.7208240851923,78.6685762939333,73.1531134339289,83.4890970650869
65.4445955939957,65.5260021748988,91.7550232496584,71.9843145608635
58.9355367974243,90.7235662148008,93.9401228253449,83.1934471901636
77.0346363586722,65.2043657726248,71.8667472977332,84.6790791935559
67.436492547157,72.6962167090226,73.6035429127314,79.9470089003554
60.7774629040233,81.1910899824771,84.8767030958384,82.4239080309588
68.5342711575747,52.9796112048036,74.9029548016839,92.6509759943168
64.1845199638561,48.8702942562307,77.6367102565421,88.3246358115087
91.8714163507256,51.6921242251589,78.2031073643393,80.3771794281095
83.8163975694945,85.1510092411262,62.6426147504188,77.0120041520228
74.9202735868338,63.3777022492906,77.8892980312461,83.3649134119512
89.7994413889003,100.698391428019,72.4821778074866,83.9327161032478
75.7736830764762,63.2290288161113,74.0550174208018,87.4809959368166
66.3871579867174,72.2146156383645,89.5490560277505,82.3234164371617
90.2312407726966,88.5053194308145,67.947944845766,87.5574978768093
80.3891004368466,94.0731146579095,84.5056414939838,94.6757702003011
64.6275384567354,94.7380429196368,75.7682965573455,89.0775051122213
73.0966132191639,84.5003947671177,75.7619186520333,84.7595574633461
66.2438174661524,82.2887503097376,84.3229751684137,84.0842476447335
61.1720026903566,77.1103233904142,80.7204103565511,83.2166343291006
84.2617754753164,79.3403329139997,82.5649039777563,90.9032045622607
94.0941664047013,63.3857714040576,85.7454772842629,81.8634327702435
61.0143242618086,60.1816133989323,75.3495329345334,85.2261135449999
80.6296923669057,69.9595065110686,73.102106123938,85.2559895094054
68.4935743087817,67.9577845297009,69.3187957875376,82.4910790359423
70.128746162353,64.5612634080727,71.3967157601684,78.1376722605795
69.0760607576113,78.3566493694806,101.59275540247,86.6148725180884
66.3600923032018,81.4636625028461,87.9574366458943,84.6949801407231
75.4852162794483,71.0608826355022,67.1914050703358,87.5012023471829
66.6904988358896,87.7303609726631,67.4203363460514,82.3319984678042
77.7045682577984,56.2997306303979,81.8549284937479,91.1041064940652
74.4976189055086,67.6760864886434,82.3781183790237,80.6161310939408
72.6105195313359,61.3981321527663,82.3910706825389,93.5602014200895
65.924363379584,47.6015605951233,75.9603536515704,76.2618174508587
69.2322866943167,69.0078317698876,76.9963659199768,87.1738503227845
82.5539122582576,68.5390298994006,80.6230361932749,87.3771534126331
80.0091718762438,88.1613969189056,78.6871440503467,81.0222146602956
65.2244475520145,77.5697402146573,60.2455970180197,87.1219696893051
75.9933230542923,57.7097581080495,76.1616029553985,91.3975933488008
82.5138712337179,92.2491107960103,71.1887485259175,73.9159058032297
58.3059471887863,84.6524043463042,79.4016913512681,87.5137240374541
80.4336019237993,76.9851724416234,101.882072020827,72.5336458983496
68.3737624105415,67.282190813802,80.9398533237944,80.171675982384
80.7059866859316,58.4867291593182,75.4917625106208,93.1458318245047
67.3674084345748,65.5335186871474,85.374412015818,82.0910898330397
56.9511789933548,83.0649834364502,81.8615030976737,79.1306001779551
58.7245756211684,92.6150356712153,81.3607559236147,84.0103113550766
75.4808494666138,88.5189223392663,82.8548047457254,95.3395316908178
77.5972250172148,64.1338069385647,94.4523485186363,75.8415887639699
65.9568337489559,56.5645908005319,68.9528925173927,79.7434504418033
81.3859245877737,71.6906349629345,81.7890566144916,92.4871584158981
58.3847993773104,48.7787276132458,70.5889509601477,94.2885117176887
74.3392020135268,73.8780125702174,82.444101170738,84.4828438785486
62.8898380023754,68.228768964416,70.6505079081113,78.8047364873668
68.4816389219784,64.4075619775811,74.6610654911593,95.4792175090458
75.4739867131641,50.8635631927985,75.6392806860968,92.972211958746
66.3958663471605,76.1632012788366,85.8065337547577,88.3947349388112
71.1544445577018,63.6075899240571,85.3476355515393,80.9379882553129
85.0629280921444,55.9609979714765,68.0342609884289,84.7548532958098
69.2310813047685,35.5328534406202,78.4394728879988,84.1981995947758
83.3569211206514,69.6698211393924,72.3233611620066,86.6542565230779
63.7029314534238,91.2670191600369,67.9319607145973,92.2550071906567
80.2980417791528,89.9351105745744,76.263863596605,89.397085205687
89.415686206579,64.5148449209647,75.5321376923534,79.6131196150762
50.2835549987271,62.7734552756586,97.4137318907642,91.8824822500977
67.0310474452952,75.6252910729003,81.4636786028856,86.5656607000658
80.7707212718054,58.0193747297405,66.9790599939661,88.4353289792946
72.9695461395701,73.6215027978336,73.4818079666325,92.332704296393
78.7114587337131,79.1929633406163,86.1710663634352,79.4420987524322
68.9601481328418,84.7231986866117,94.7075421829594,84.8208721064677
75.865897874729,68.7981510822406,65.3121335020963,82.3427272432039
73.4432276460792,67.5559149978764,62.9606049188876,77.1607028731727
86.6778206165981,59.4642089589213,92.9677214029743,86.7335498880246
77.5442084330121,60.0774357515217,81.1169134189672,97.5577827579221
78.376026620752,67.2822532971817,71.0536581449891,75.7996112774712
70.8812303387753,74.4083860817941,82.2770326889795,84.8385969447527
70.1239377592751,80.963015514799,56.914018087865,88.2027146753739
70.6744181218038,60.3618525918359,78.0270040527773,85.6153910082809
78.944521423783,87.9122628275143,80.6225693827447,84.4343597374213
70.7901551917974,66.7465167874892,85.3941611163026,78.5039181827709
77.8977485689641,69.7435924678188,69.8888323816597,86.1639337147008
95.7540079864544,61.0334598502261,78.6854972912269,81.2161801149204
83.7112470343169,40.9091168767247,70.5966029915233,74.0503914751072
71.7397646783216,80.6085447563326,80.0430700453945,90.9729611025687
87.0121392216394,78.8421267651092,70.8372294210958,89.7919290992102
70.9192462697845,66.6240693145814,74.7351932867182,85.2583048842554
54.6187546482215,70.8038886066985,70.0334768416782,86.1453734410285
64.919136890826,76.1912706124492,83.2090899345893,90.3715900635778
56.2920807897415,51.2494497173615,84.8676089332533,86.1216982838904
71.4848651595869,63.6513678718445,76.1230354403407,89.5200877738066
75.1841837918955,79.5311761554619,78.3059039596802,83.5125889956308
91.7643731227528,54.948526921969,66.4112686829317,91.5599186928697
78.2692737376416,73.5226951859996,75.6025868159457,86.6039286296634
72.8089947119114,53.7210183445191,77.598363063666,85.9702597180294
83.2940558118349,75.5971597892023,98.9663447282398,78.6496945564398
52.8886469099212,69.5723022124302,69.1042637938067,86.4347792715086
77.3561455810857,50.6184182091339,89.7134179100195,80.8402254125277
82.7086519388697,83.9768722534861,85.9748701877265,81.8085863673575
60.2141375422016,61.1849010784234,80.2450912359211,80.9231218584194
86.4375404320693,60.2769707558274,92.0689638735611,79.6688253405039
78.3849640749441,72.4068303667713,80.9768437808549,95.6238570150848
70.847120860992,83.7836481931446,81.1132735653434,91.656695309942
81.3278186610629,57.8101381722592,77.5750347758596,94.6018375107213
97.706928578044,70.7401581981757,87.788551059349,78.8855249022222
76.818662550585,75.1457980039669,86.7717538704871,85.3562687495545
77.4822058630034,78.3172672871577,72.9945817000303,78.5324618739795
70.4063910045976,72.1172986633267,67.4460224432099,81.5215256140147
66.5015563053521,65.5956659310001,76.3761549008348,80.4093650829171
83.3033581654425,60.0689173522154,71.5996914848188,91.1979200322078
66.4391617409113,71.0337265965565,77.4918034030772,83.0188516094912
75.7156623721939,57.1343318561727,87.8995050774731,90.3418966684701
70.2234255323488,34.9437941980647,74.3415867593057,88.0206044479426
79.7897982574639,75.238717649892,77.6574129495074,96.5181937605239
78.3366210528695,80.8472180930343,78.4641818784672,77.6027788843014
85.375399442579,41.6448107734979,84.7874470576423,91.296166198934
69.8998360114525,57.8832315434808,60.0248853281232,90.7322043520036
72.3012506470663,77.4298511320624,73.1463976418776,80.1331058098648
65.2123628421769,94.6899456365404,79.6902695382358,90.0356666823658
70.5570673992389,70.2495244921049,87.6006316514149,86.6807248151311
78.7730049304485,61.2639647052504,74.0647804199504,83.862618700233
82.5698861664535,67.8052427067419,62.987578351665,80.88032256514
65.7783467582238,86.4985170297782,82.9576915677291,81.4044527427541
83.6960592010566,62.2484298505056,72.917100889395,95.2490604789296
88.5563785880495,60.409695920197,68.4826667272771,85.0034140947874
79.134349032237,64.2070777338156,73.0052368822942,88.9106500076573
93.7679581255807,58.5600567008955,76.5237971387532,81.0455030916622
67.2621080089643,71.4720437919376,73.1620426836943,81.1007352688918
62.5534529668858,89.4961415016347,60.3554715432074,90.4099240462497
57.2127975109572,73.8769512773924,85.1765295750971,78.2521189422423
89.9604431148918,66.9717579744846,88.1990003302298,82.9239311604736
81.5436565635406,66.4982647730135,83.212175930716,85.1701370553612
74.4441532908954,51.2417102956401,68.8985146366015,85.5568630092003
77.7996862631982,80.5973173257659,76.3880677284199,84.1045335749192
63.7451095270162,69.0659536358464,77.9478294781643,86.9790989054796
99.4575197961683,67.8342410369125,82.7903551164953,88.4642787790891
76.2922118197523,108.317290814138,83.3467239097446,88.6731877272967
76.0939479460489,73.5850349003882,72.126609609772,80.0709809566609
82.2576662389869,60.9785073988578,78.6559644513085,83.579224510356
79.8100923173671,64.8837088455335,81.6582432369219,90.9738143093847
77.2388402427913,83.7813485103611,89.6465785771741,89.4732359378694
67.0952554455469,71.3592449264532,83.6360523185978,78.1357027425947
79.71468357136,52.7406642601916,84.3124534990042,86.757399501761
93.8202449647503,81.0307472149025,78.6706130234349,75.108873753126
88.4542004615498,61.9822709735321,89.283673161628,85.2346745103018
90.931866266394,92.4795733146106,81.278102367676,94.4888350837299
69.8878432356882,82.9605767885758,71.1112967186114,80.2605364136551
65.1039517974142,64.632137252095,89.2269597610015,80.8283847725421
73.7421307990035,85.3721963408214,83.5832261803122,88.8201489078643
75.5572491228869,70.8142661263289,74.4556478309721,77.2859924239518
85.9419151847095,80.2332841014666,74.1640562608061,81.8362248505748
58.0753537028518,75.8167938075337,80.3726043611261,87.9822056879088
90.2955031946061,59.8437201401095,81.7054783621407,81.828570761553
73.4199210142101,62.2774020121905,79.5783381250497,83.8201500639451
70.7311893005258,82.3595298109739,80.4904693875431,88.7209285515752
64.8789562473983,65.9826960147215,91.599658996611,87.1077304176828
58.4514332813423,65.156218441096,86.5723452178791,86.334091981477
83.2317058396191,58.5385290478078,79.5250847301202,83.3043886036498
75.7331796718841,75.0831887871215,85.5304846461399,86.8503055763448
62.1003910025895,94.7502990309177,69.7398087717797,84.3813365995012
62.0492122793638,57.1896050289487,81.1834163995745,87.2890280496289
71.6421530070987,70.2906334800731,92.4744507978649,82.5153398744101
91.6902152528939,86.9466466649852,76.255632836861,84.0871551281023
72.404086486364,69.0443033050514,71.2189285710473,80.0502110372399
59.9685704688189,75.4284615549968,72.7832888912555,84.8249619499688
72.5425693591406,57.2512776622374,69.2829357012609,80.9449956818558
72.2727643025233,75.1396851664918,71.7219047349784,79.42976774919
48.0311335705843,67.7542688199454,75.0359352112798,86.293305739277
74.4570513348219,81.8287599481584,66.7554638465709,86.0636988792883
72.6906546979132,84.248632618777,78.1249466715968,88.9143686747429
81.9620636481342,101.074763704223,85.2182173902932,82.8443721521245
93.4895609494534,76.9555980785629,70.7379505588246,87.0402642341838
86.2656502954776,73.909555798986,90.1542713891342,87.7539878613683
72.3111130944517,72.332611618928,82.0863367082208,87.223869039158
63.9347409125833,65.7620044862717,86.2446446849925,80.8717315859893
100.733598032499,74.0618061215403,72.7373235691829,85.746817411356
75.5921843401449,66.4551830783316,84.8362018165329,86.8207014802733
75.1392929191295,72.0215317152354,69.2645287968375,85.0358923345397
74.7587491289,85.8111704272955,85.1219800066921,74.5676117081446
76.9808476076786,57.9214892166443,79.3747147183482,85.8024481198674
73.5563958807606,83.6785427335485,82.4260097598783,96.0626551969862
69.2633799311976,85.8053808080784,68.5952431550012,83.1998036562151
69.5314105875961,68.5831776761071,70.8394412617872,81.3596145107234
74.67246729784,44.5377412118969,82.7778257460271,86.866742798557
69.5657522886624,62.7061361548668,70.4132159662064,86.5618910523329
67.8715421732284,85.5639345587333,81.705650336793,90.9636758270821
76.064302276919,69.7255832524134,67.062897548318,78.7106592204556
72.4502278257914,58.0083732124611,84.7853937013334,88.656901262875
90.0399298858269,63.9427009452614,68.1398134818519,87.9521103062573
48.4903019160699,80.0874403180546,82.4183995014362,84.2892673152973
85.9150685192246,76.5608028184166,83.005047469168,86.6934365896085
87.4608519249763,67.1328148099637,72.4258254525634,90.1472874079918
54.2660976759185,65.5981070582238,82.6562125366778,89.3615769001423
71.5731240591965,65.2989022114741,80.0835381066684,79.2849034396314
71.2855913400421,58.931077786018,73.6892651504581,89.1007909337774
60.9248830528218,89.3845082736333,69.9315625273903,84.6765569748374
67.2218331240913,66.1321543694639,62.2989944666194,85.3643704900776
63.8942415453417,84.605902249906,80.7972003783976,85.3659849550085
92.5227044342363,88.2557926230694,65.4815778291036,84.2487850560087
84.3567839314746,81.9797307777755,78.7627535955305,90.9585374855353
87.7155509499416,64.8205562473834,75.892414271342,84.5814102007539
82.2167206404324,74.8447610840393,83.4331422035056,79.4022693580842
63.7094822878277,69.709652723309,75.5836360040811,83.0323507201514
69.7547973372023,59.1555776712385,75.3644177092233,85.8934735840524
79.8937456122792,73.8923113806592,83.8549656343064,91.1460739214852
62.7787219110806,55.8515225060824,80.680464232673,88.0154734247442
82.1299843017239,84.2521526615388,80.5292476574622,80.7473236062648
72.5967460184187,64.4245924324193,81.7541407184682,97.4259495833945
71.251791924504,72.4139158704741,65.7154230143432,86.3238765548899
82.1095996820349,73.3994544585537,84.0543094398959,91.3769536899951
79.4426331148604,66.8931403155511,82.8997503521088,84.2414278321139
71.3903383418092,77.0403256177033,69.866534971388,87.6667962235272
86.5932980336425,64.3011561205297,76.0473562106064,89.197342522592
64.189366724001,80.4555675694869,77.685541698979,91.0909735587713
81.1593560694426,53.848243837039,76.9240257247861,90.2868415268911
80.9310125796838,71.5165549545569,80.6708797325483,89.3609850003649
71.9045356068601,93.2671479886994,89.4509342546495,83.4245663440295
78.2613302224212,57.9960241047331,86.6541338213826,82.1412697902197
62.488864236147,61.8670603537018,67.5022464525488,86.663037551621
84.240270192069,76.166894195907,82.9765599224484,89.6656403617053
73.1509786355701,72.1549813832752,88.6314665562833,83.886396496117
69.7727697948096,74.2075611912827,81.0944681655136,90.3258598285719
85.4900922583689,75.870245561772,86.7278434014877,92.2630837274309
67.9565630945724,77.6166576227412,94.0981635656061,80.4183954046329
60.9153870363644,83.3163981034747,86.1896763688559,80.8153964810186
59.433708264761,74.9178238831422,79.9944687651338,84.2981247054733
81.0600995134564,67.1049081445775,86.360707792678,86.538063340946
62.1957064750372,78.0708844144328,79.1591026647751,82.3771649311647
92.5479418198436,92.7985832187426,78.1912243462796,91.7610133943357
54.1807059211628,68.4083950434091,75.1886861142901,87.1203343075923
91.9645636829004,58.3056483439523,90.5073068706569,85.1972352412037
77.1101746720262,83.2849680314437,71.452570672464,77.8204523806574
74.0328688812961,68.5554260325568,90.2589417974249,78.4209209178625
69.5508091319105,43.9279654478316,81.998912989923,86.405046251409
78.9913611435207,80.1690601258051,66.8055506015845,74.3370218692258
74.6236529757515,63.5760617685529,80.9411943439314,90.0631870482204
86.0330188201652,68.9136006123501,61.199787938787,84.2092307781384
76.1422764866204,73.9837639668282,83.0040641346483,101.215464847974
76.5030176146188,72.2859961573488,85.0818518639119,96.5395812530806
71.3638778778614,78.5134218056685,73.2611523547836,84.0927546537624
74.4305437627893,64.7741635531619,78.9883815676447,84.4683149873434
78.0780176889206,76.157269578113,93.6332594700023,89.9779075700102
57.8983160734338,66.885439868993,73.9540263659045,93.5158630495902
61.5181457789429,78.86572577065,69.5287393035472,76.8098547128199
82.4326409402272,77.3844098081567,89.8533072197008,76.0681226732266
76.7086543812794,58.7747355754649,93.7006975242464,81.8898259722281
73.1601666364732,83.0317853941004,78.0295653747828,87.9136879158693
75.1843393306539,63.5684386586314,86.0917042832669,87.484367952538
78.4758170536167,79.6966935793737,88.731807324247,90.3488572749192
69.6024031969064,74.4074477608161,72.0601261396929,79.0015123581735
67.2169527459769,92.0582041215415,74.1175533170571,73.4192806851556
76.9584525509768,67.3184082115378,87.8469961052379,89.2900709765107
65.2162722238497,65.8081984465816,91.4801142296681,80.8590186351738
79.0825275571447,69.7669647293472,82.5030468813948,74.9075606780568
57.9741639576216,66.3618426059887,70.9614851719836,85.7253187297969
85.2915563732564,79.5993028233046,93.8964888935955,88.9658784410934
79.7259748241304,50.6042726987609,73.7522328175043,84.3897143393936
77.5602973431388,57.3558109702438,75.3188977506284,82.7107580690876
84.8269098394551,57.1863649410497,80.738702675917,84.2031888392705
91.6547444446258,81.4036911036829,90.4332833657182,83.1470861879961
85.1437006501813,90.5273604709831,84.8318078124178,78.2597644402992
56.5912576866836,68.7466093775503,81.3189240028953,81.4265966150478
62.204230332643,67.9741393217199,81.7063082409449,87.6063995250691
68.7518142230432,70.8406259573582,78.3481173491477,86.6083927068825
75.2609105021083,83.9425396312983,82.4651161161481,85.8402990298341
80.1765902046912,58.8717623897131,57.7635193784456,80.0242575907331
67.7425618684653,72.8604277928174,75.6271403274416,84.0924841893217
76.8676676447708,81.7023715573892,79.9305754793343,74.1146747677857
67.4461706764668,76.0131300392781,68.7918873310439,85.892383319427
68.8848219700805,72.2749793991849,81.0905865424925,92.1442885390678
60.9333890315178,82.0125531108057,76.364230232111,77.6293393397895
65.767667538891,37.5612124840092,92.0438055865239,82.0703616334112
61.4831539438367,78.1345038343709,90.5841578017189,86.6455338935507
65.2412674702267,62.1510918024709,74.2735554470547,91.2642131721374
85.5364179660784,48.0324052377225,76.7932983074664,82.7588769184993
65.5060111116806,76.1344311942998,77.4084194751329,81.5387483536705
101.323820648374,86.4839025419555,74.386724190723,75.1553842879196
79.9331790088089,68.3506178244677,79.560199872225,85.5171906465405
76.8483612369487,81.4344945664353,71.9337434488993,95.2103802007187
66.4164221981879,89.3473390958638,68.9550773204998,86.3867923098234
82.0030987940899,85.7789734430086,82.9816897912021,84.8886051040814
69.2436217376223,89.6795743524567,83.0362366737745,86.6104115538349
76.2200981464536,78.9055298928627,71.5654739227201,84.944539980257
100.600845382688,70.9052036668191,85.1628434461008,80.9349281386994
74.0394010027535,50.776410257234,72.9473781666774,89.1163995783885
86.4927332628568,67.0472501424406,80.0253219043039,86.1288076155588
67.9682357487411,59.8810408562057,84.5627521008996,85.0880662596683
74.6501150950304,96.0513126099738,77.7310994823703,80.1231698636088
92.7080063563551,67.889370250812,81.6379272971291,91.5175396596738
68.7303294221223,71.4784576814138,73.8685628488994,88.3235137266656
93.1244855799693,76.6178245124856,76.4282673325752,82.2353958131635
82.0775193545548,70.5232293564694,76.3531245529573,90.0091242684097
69.3753322410573,90.3406124851691,72.0273732276781,82.512145808074
81.3240773905552,62.5282076591866,76.5858066950737,81.0899825374448
84.7255444962673,72.3352894628469,65.61105360909,81.2014844125986
81.218099622172,61.0903529716234,74.0707700228632,76.1446572345596
59.2977528010954,54.1597298653515,75.7209960530426,87.357711902091
67.7286282417513,62.6587709091366,75.950561980037,75.8442756083083
72.524813644485,69.5555584354191,76.0680204330338,78.8577808436712
74.2556657089995,64.8483733057929,77.505886401119,74.6220599546073
81.2067209755068,61.6909482415137,81.8355321446885,84.5696515360455
76.7770100093325,53.124190435938,84.9961365930602,84.2483976986406
61.646556412899,69.0027331284557,72.8018781852139,83.3665189340682
78.8019785100596,51.943355511628,68.3743931568868,79.7871115266471
81.1058574528382,79.1206715642752,69.6636447020552,79.1388312328168
80.5979044793104,70.989277035214,74.1023766304406,87.3218493177329
85.8078072555462,52.5093820064208,75.1846294574679,82.2472403414576
83.339221545489,66.2894910754016,71.8400314704203,86.5817916076807
79.5918007922844,60.974123132913,67.6310666860009,80.5737565693789
74.2983428854135,73.8300941250302,74.3510333802065,85.9053137138554
58.3903906648401,86.0854053522777,79.4514129609118,91.5163901865803
79.2961821913259,47.4979303642511,82.7602357266845,87.9308290019639
77.0768768716311,71.380312949769,73.5406155751334,82.9379309089176
77.7157883719537,68.0784064532003,74.6960174228525,86.2859948517796
62.2325142417969,78.0560809174056,70.5864135292215,83.7966741273489
64.1894345959174,72.5583595388523,77.7484866370018,85.0394009234736
85.531528533329,60.9763680191342,71.2125709264735,83.3719447392575
74.6044484614335,66.1713527720006,82.5850225059296,84.1783239705731
81.8150069737262,60.4476897183581,63.7130680645271,86.0604667653709
75.2831837613046,82.9120856631832,75.1229626203803,80.0332065020903
75.2975613949575,70.2557397840633,80.4088587135339,79.9206058650501
84.38283805976,92.8142882290361,79.47067613058,78.0572872308439
69.8395527178263,69.2720702342246,99.544269311844,76.9986444774815
75.9612077694098,61.4991187970744,80.7984001965433,78.9135865388976
70.3772471129496,51.8354272886461,69.9675632252639,85.7973125340207
70.6550377256769,48.3623238849287,77.2362860232874,80.5360624225406
71.9082787653136,50.9903686839341,63.7900293322684,87.5680723211555
77.2213377163371,73.2055198121378,77.3552020056259,85.1735687437628
70.2125137833652,76.1047002787592,71.3355515439939,75.1574789328097
87.5575612557352,51.0257115756144,85.3231222044813,88.2748779211085
66.053926977805,80.7404597689134,73.6036778032357,89.0539932279585
73.1312835583864,64.2032673797987,77.065872673638,80.0306866258257
70.6026894172583,71.7615161438266,72.9155372687648,87.100957714475
89.4697788435373,89.3466475390651,91.9108108148267,80.717508812954
76.9655477651157,80.7620717903864,75.4300578710567,85.4883518837417
85.3184453946864,66.77763222513,92.6604563478336,78.6775079652252
60.1443962696303,59.3056932950166,84.5132140969461,76.0344677373271
77.6705026586926,44.1782151840483,81.8565338186831,83.0859140519352
83.8963079562344,61.370160169091,80.9498651785402,84.3813552686258
75.8228398927543,67.4664371340677,81.15037838573,83.011601531927
85.6548037506535,58.1538456741858,62.5786193652351,79.0798472088872
69.8271154989963,68.4249163948924,75.7689328467939,83.0005046893443
89.0934744018558,70.9222225955052,84.7612637694746,86.3464737629037
97.9889812361925,67.3017282183031,77.6088225322072,84.7755348493873
71.3716143956034,62.1999690301185,66.7584812255714,85.9125051529961
70.5449747859923,72.0238560636007,77.5807643953802,81.6494239977288
89.533844771177,75.3032877948329,91.6328441300439,90.8585895735808
90.7957214573071,56.9152110706859,87.9751337242778,79.1191333172261
69.7713997284673,86.9311885569553,77.5039679250718,87.4378014854336
70.7981318290414,68.8169424125889,85.6115942164647,90.9094554647998
72.1821539113949,70.2261954753382,75.0679438370556,87.4045404637445
61.5554948896572,78.4985730790787,64.3690273053863,83.9873788646759
65.813480535158,72.798593575162,70.6042720949636,82.3585147666851
64.9585923324793,81.4376396069589,90.5031101480656,90.1804382552313
67.3220243489587,73.4454899824219,75.8080553453656,77.8851253736916
74.6531511261322,62.6507515043148,76.0529281649999,80.1493786981018
77.3421473253652,74.3380423024732,75.601294429801,83.0122111725414
90.5050049281408,56.2752855121521,93.233092716584,91.18826878756
65.0164595926121,71.3027164693183,91.0076713228965,86.8988381802045
84.8432239847658,69.6012401122665,95.7502418675851,80.1597712074488
72.8601115577449,67.5025977127295,76.7276383167996,83.4484614730755
74.5053629034757,68.4575498627328,80.3649959099768,81.9283842795185
81.748194921666,47.4178114540283,65.8668596046337,81.4510550388323
63.772779784377,63.4153011071085,89.8154754089462,89.8944477927839
78.8240974618405,71.1141388136934,68.6577635898565,78.1412843536825
76.6645220821306,71.9182767039688,79.734204510101,93.0439042786719
79.9245126400815,57.6678983088885,69.2215797789372,89.1411484509231
77.8916864390782,85.1884940903764,73.2890653860904,90.4543083530185
99.553001399109,59.605901821426,71.3019005516024,82.6853024398737
68.6226001574868,81.6334864063208,73.1369979145935,84.2502964046045
69.6900304499818,75.1263323424602,73.6870183748082,77.8342409273764
68.7685947357524,62.2452722818744,73.6138496405994,82.376687964666
69.4452288083975,91.3037307113142,84.6666712942425,87.4682742382158
68.6261287269348,55.6763580189222,69.1610976554998,91.480315308907
86.8901653110755,81.02985008332,79.7643314161109,79.4642159159877
89.2050424798986,82.0069878165157,87.7436732184445,83.1724703150737
69.2925370625052,61.9525574910803,73.8944290838928,84.2435038988374
66.6764442689577,86.709583600772,72.2566488740192,78.0210539890376
79.714155563864,66.9994418248126,76.155802998558,87.956746208792
69.4777695571903,73.4643235513583,87.4378016668857,81.380048341287
81.3293181775551,73.1238620652547,79.5528610476269,84.0230482441149
77.029230208513,68.3882951023534,73.7502856431392,82.7402531404406
59.8425588500277,79.7296992779174,81.8710132095043,81.0533074714016
90.4750520133006,79.5218646466266,69.1816628013086,84.9647750725972
92.9587767309552,49.0176163211418,83.4508760835436,83.9219521071599
68.8721130951561,85.6520829145378,81.2688584616141,83.1407105886067
71.1229844006402,50.0500961435719,75.5375322308889,81.3576918915983
77.8586539072491,82.3905544520999,71.2913136124222,86.5976233539148
78.3445678998703,83.520461641931,70.9065526217324,93.2680863424614
81.5854427267283,56.9084028374176,82.2785386907673,85.6994361641956
95.1020453876635,65.070228544545,87.8318440199125,89.9805910745557
73.2305277250595,56.7315439781688,72.9015380237697,78.0488903742327
67.0170275546155,67.4209476365352,81.6670936284119,85.7888071964689
61.2068077198547,66.3035885897711,61.3037838511835,79.5131584051447
67.6906996005808,79.3559263872321,73.3230581547424,77.6153753623405
74.668730271262,85.7237049534353,77.7515285370328,81.3031429627048
92.9455786351779,86.7482057294795,70.7225326641453,90.9594966720679
69.8238870096383,63.2539836810604,70.5079490016832,89.7500791433482
77.237879516389,67.4893375150657,72.6577635482489,86.215023610272
74.8357710392725,49.7987416933486,80.337541826611,77.3364972005503
86.8839327344808,60.3295592020457,76.501367852749,84.0185967430603
100.269324258736,81.5782195971695,60.0941501334002,86.5085000445087
69.6913122707968,89.3869938825788,61.0343987789195,85.877681147893
70.1056055748178,55.1878135374409,73.1450785771426,75.7810320825963
85.4416087706907,62.8904288901653,81.6614926884284,80.5484107599006
81.8189148962631,69.6831309164929,56.0199612581981,84.6796111792564
93.4670732573603,73.3619339058353,74.002158590787,87.6814545475859
80.8392818532596,60.2847577609402,73.7900171478606,74.0193608945003
71.4070790921294,75.0887325335691,89.1067022256676,84.1893801226007
80.9065483069231,64.313927835149,74.9198255062971,85.7152438493948
86.0870358058291,69.8265727494607,81.0639118779274,89.2480599425811
83.2048218119736,76.5554109760444,79.1300571206997,88.4642879211872
80.072740311073,70.0770672377313,60.9554681615424,87.912856594044
85.6667468958915,64.7633693136812,84.1456577330539,81.0002974664903
86.6929559044567,68.68468235289,79.7231720436503,75.4599893143835
88.8215899103753,68.939644489536,82.0661491173967,83.034736214693
81.4870988758964,65.5598676414145,109.409901651491,90.0081591260428
73.3288191968315,66.8944472479948,61.3270964840113,91.9672726376222
76.4671368643332,89.1837660460566,91.7975731980889,88.5527455114889
87.0650896650836,76.7310333752949,75.7004198447972,87.1467041140087
66.8306432901276,66.4542361836501,80.2986312352241,86.8981982419298
78.686733088729,78.3634528541288,77.6359020375901,82.2194062661961
71.0666118767264,65.9941661229279,74.6061093328157,84.3496985322319
75.2874482293482,84.0774956510397,73.4413365740899,93.3453476291316
87.784518626073,74.4357063063771,80.6360698845841,80.2872099710406
76.910990680199,68.7123742719493,65.8626104266266,93.0738939535493
75.4643654815615,75.3726031097233,84.0046333401741,83.3898592275397
61.4014385902008,51.149486175178,74.670444760918,91.6271605454754
82.4625356602722,56.4787903730823,68.9594452876771,77.9659249525123
81.4548418114108,55.6728999232113,74.3998971360335,87.9295210058233
96.6325472330546,71.7153171371645,88.0571937349006,81.3161493202619
71.92221765047,90.7901799938211,73.7173193038702,77.9236640403791
77.1915032766394,96.7756017543116,80.867628945677,86.0926702120547
77.4938368371076,77.6566132172891,72.1523497942762,90.0473589429798
90.7745327976348,76.0101336993335,84.063374799389,80.7752928070325
74.0470446761305,48.3873071901671,83.4840619103216,77.504920197708
77.7902152577034,63.4879144031917,92.7888706663713,84.5407761783252
81.0789650971654,60.5465949771011,76.5954884360063,84.5628233561141
76.8660912315636,62.5498288209866,83.3492384380633,87.7415981377725
70.5356638544947,67.9822741769825,78.7845403163116,89.7479728568224
76.9408999289831,64.3349130676345,88.3669742549041,84.7029240936375
85.7363174985977,46.2484022754906,72.2493408991302,94.2775165739713
64.7348470058894,78.9749230734104,83.9600425030182,86.1211737226765
76.3296967414688,57.1270836911223,76.4424216310666,83.2678674699655
67.9987918506083,72.8709623693338,77.486494583132,76.9421632044859
86.9504662892484,94.8889920369997,78.734019875587,83.6867023984192
59.7681309521623,58.9673849009629,80.0179231714134,83.3180652729443
69.4107815272841,39.636549727044,77.0701676550243,89.8015239814074
78.7721187506452,66.5679493374387,79.7177054653642,87.3124181203343
90.6552402923434,83.2115156199829,90.6249444604975,79.1031543918369
74.3424973892701,93.5001694506471,85.8835974849218,85.8612719320552
69.448004733068,55.245404866571,84.9532367399752,88.3576558586453
93.8115706944059,75.9603906788383,74.355683791809,92.6401567969392
60.5198609958376,64.4162745186394,70.8860733741734,89.4375198370703
53.0119404337992,68.7286197483504,85.642404465902,88.8042332715574
79.4001445005333,101.732120164204,85.0083743402384,85.3004299730758
69.9794577564739,51.9643560592582,89.7813654060079,86.9415600271173
64.7876718286929,73.0448759379349,73.1681549922462,91.2475245035308
82.0835644729935,75.6123180611852,76.1636107571172,78.3361130126018
77.438007137712,83.0294358992722,64.8841266997965,83.2528033639152
69.3592136926327,71.1757978416508,74.860231151513,81.1371562562188
62.1969560132911,73.6966064740492,85.9725640846356,86.8957655936306
83.7245732828014,65.3002171909385,74.2680369661744,91.151110878254
81.5020117795866,73.2295232949413,83.1238383616066,82.0151285663946
74.0082413622062,65.8816926940311,76.4759751520175,73.0484781626528
93.4663699604766,77.4588626782726,80.5924562257725,82.9388962748777
64.2991523367385,65.5646759674764,68.8184688814747,89.567368660087
59.7447482907526,74.5252047268262,78.6816755970712,87.6881495147494
68.0809193011876,69.6488462357803,54.0709122327942,87.1409312390529
74.544139836445,83.512603009266,76.5048307347041,83.6000334906276
77.4333944932269,69.3832753169382,64.9562140502789,78.6048463189011
72.5876394214367,48.7236103815174,87.6479561323745,87.5764716081223
78.520553965143,85.1430580085679,84.2192588221161,80.8285909498269
62.4846057580956,59.1312123896486,81.7333678557286,95.9204836669023
89.4376460407326,62.1548039362142,90.168049817275,87.8525360417726
74.1784882160743,62.8520644714781,70.4086678334013,82.0967584872303
86.1729583158813,86.4932571180498,91.9789055833245,81.9430737630569
78.427253463777,44.3719094322557,85.4575325140831,84.5352789669321
79.5675321915378,107.65298240392,76.1075577022484,83.8024903898913
80.6976728023221,82.6726817087926,87.0849611774636,90.5841688776498
79.4770856001732,72.6788669695499,69.1496519007069,85.9320808487202
81.4272275986754,69.3412719926046,71.4038867077786,81.3418413054574
88.2915253013243,73.4266488982919,73.1312822140824,94.4522034257789
76.9652116970147,76.2534691405521,73.7681783354879,85.2465416576011
82.0900375758851,77.7425870314007,69.547538857918,88.8441983798445
74.1026430571277,76.6672535920414,87.7846645367626,81.9588674627762
89.4011721544947,71.074968175063,75.9291647970414,86.8155781387226
68.2360769794073,67.6319389563121,80.820039746855,86.555549955716
93.0094043291082,68.1847205961579,73.4371890686906,75.5517535395192
74.5984204935566,67.6611006357678,63.4351735956119,95.0763755523032
60.6922489788195,83.6052411624048,80.1604588671314,91.4532223046127
76.2810441491079,77.1226806673704,62.7019601966418,83.0140234192701
68.1894834252512,34.7153363840286,77.4509276313163,79.4886512977207
83.4064354898872,77.8708093183571,67.0534796893375,86.7378080690178
68.4737602069761,72.3368343366253,93.8982079938465,85.433488497072
70.5381656678522,69.7754949226492,85.2909017773978,86.7783447428162
56.1045926905447,65.3377785629334,78.8460303301718,85.9578869809704
70.4769368075092,83.4893526398322,88.1096534212374,87.5312049465296
50.7612067337104,81.3703175454743,71.2294721802741,92.236528496959
59.1609717651428,60.7254679861167,82.3478350293607,87.8405160256432
82.604146561443,74.8846274454944,79.5984834697497,79.7517225054503
82.8580015865083,58.3401191855046,80.1121606506694,91.8128142635623
79.2545756178497,53.4445820225328,88.1788280008541,93.2030728174414
65.3302385687079,62.4793933049204,83.8599368222384,100.76028367256
74.5228864385802,80.3487216685931,80.3097893026002,79.382529833802
74.9639746090943,81.437500544513,64.7609005101736,86.2144100657514
63.4163531080746,76.1570250411675,70.3196296377643,74.5895064840551
90.0339830176715,78.701149442176,77.0183285312342,87.765745781896
83.7736229057567,76.1941394453795,78.7469789942132,82.2589985091661
72.7903582617034,62.3022208573246,68.9583702026086,94.6172289741248
75.2688583899453,75.1830705360873,97.2934134046274,81.1269251499071
77.0838280794755,79.6049143027322,90.1311524420286,76.5540848101637
54.5826513157571,79.0514959577629,82.8169465631399,82.6436812964874
72.528226174794,84.2669604576957,78.57629489027,75.1225611439143
68.180157520022,78.4996461664128,76.3023282407908,88.7554972725365
64.9837999010508,74.217378490499,70.3846523198221,74.6745847687184
72.1889970711405,82.8418028597971,78.6198441481509,85.1422879059158
92.9768652684953,69.6817448890113,80.062020321142,74.610940900719
81.4084286126701,59.4175041852674,68.065915396147,83.3985109773168
69.288210102172,68.0431964326748,80.6734113379592,93.2168907790227
80.7258278135616,61.0611682623226,76.757927609402,86.803239457179
30,20,25,40
135,125,120,100
79.9671415301123,86.792265239032,72.598573800205,75.4609622106131
73.6173569882882,81.0956041949532,76.8438506342759,80.6980749461025
81.4768853810069,70.7155644390421,71.6606406320003,82.9319723328918
